BEGIN TRANSACTION

INSERT INTO Ciudadano VALUES(1, 36827289, 'Federico')
INSERT INTO Ciudadano VALUES(1, 34445438, 'Santiago')
INSERT INTO Ciudadano VALUES(1, 36088188, 'German')
INSERT INTO Ciudadano VALUES(1, 93696263, 'Sabrina')
INSERT INTO Ciudadano VALUES(1, 35962842, 'Agustina')
INSERT INTO Ciudadano VALUES(1, 35962843, 'Romina')
INSERT INTO Ciudadano VALUES(1, 35962844, 'Marcelo')
INSERT INTO Ciudadano VALUES(1, 32637028, 'Juan')
INSERT INTO Ciudadano VALUES(1, 35685912, 'Pedro')
INSERT INTO Ciudadano VALUES(1, 31294576, 'Luis')
INSERT INTO Ciudadano VALUES(1, 38137462, 'Carolina')
INSERT INTO Ciudadano VALUES(1, 30285635, 'Sofia')
INSERT INTO Ciudadano VALUES(1, 37284867, 'Mercedes')

INSERT INTO	Centro VALUES ('00000000-0000-0000-0000-000000000001', 'Int. Guiraldes 2300')
INSERT INTO Centro VALUES('00000000-0000-0000-0000-000000000002', 'Av. Cabildo 1520')

INSERT INTO Camioneta VALUES('ABC-123')
INSERT INTO Camioneta VALUES('FFF-365')

INSERT INTO Partido VALUES('00000000-0000-0000-0000-000000000001', 'Partido Pobrero')
INSERT INTO Partido VALUES('00000000-0000-0000-0000-000000000002', 'ProK')
INSERT INTO Partido VALUES('00000000-0000-0000-0000-000000000003', 'Frente para la Derrota')

--Eleccion 01
INSERT INTO Eleccion VALUES('00000000-0000-0000-0000-000000000001', 'Cargo', '01/05/2014', '08:00', '18:00')
INSERT INTO EleccionDeCargo VALUES ('00000000-0000-0000-0000-000000000001', 'Gobernador')

INSERT INTO Lista VALUES('00000000-0000-0000-0000-000000000001', 1, '00000000-0000-0000-0000-000000000001')
INSERT INTO Lista VALUES('00000000-0000-0000-0000-000000000001', 2, '00000000-0000-0000-0000-000000000002')
INSERT INTO Lista VALUES('00000000-0000-0000-0000-000000000001', 3, '00000000-0000-0000-0000-000000000003')
INSERT INTO Lista VALUES('00000000-0000-0000-0000-000000000001', 4, '00000000-0000-0000-0000-000000000001')

INSERT INTO Conduce VALUES ('00000000-0000-0000-0000-000000000001', 1, 31294576, 'ABC-123')
INSERT INTO Asignada VALUES ('00000000-0000-0000-0000-000000000001', '00000000-0000-0000-0000-000000000001', 'ABC-123')
INSERT INTO Conduce VALUES ('00000000-0000-0000-0000-000000000001', 1, 38137462, 'FFF-365')
INSERT INTO Asignada VALUES ('00000000-0000-0000-0000-000000000001', '00000000-0000-0000-0000-000000000002', 'FFF-365')

INSERT INTO Mesa VALUES ('00000000-0000-0000-0000-000000000001', 1, '00000000-0000-0000-0000-000000000001', 1, 36827289, 1, 34445438, 1, 36088188)

INSERT INTO Vota VALUES ('00000000-0000-0000-0000-000000000001', 1, 1, 36827289, 1, '08:30')
INSERT INTO Vota VALUES ('00000000-0000-0000-0000-000000000001', 1, 1, 34445438, 1, '12:15')
INSERT INTO Vota VALUES ('00000000-0000-0000-0000-000000000001', 1, 1, 36088188, 1, '16:30')

INSERT INTO SeVotaLista VALUES ('00000000-0000-0000-0000-000000000001', 1, 1, 2) 
INSERT INTO SeVotaLista VALUES ('00000000-0000-0000-0000-000000000001', 1, 2, 1)
INSERT INTO SeVotaLista VALUES ('00000000-0000-0000-0000-000000000001', 1, 3, 0)
INSERT INTO SeVotaLista VALUES ('00000000-0000-0000-0000-000000000001', 1, 4, 0)

INSERT INTO Mesa VALUES ('00000000-0000-0000-0000-000000000001', 2, '00000000-0000-0000-0000-000000000002', 1, 93696263, 1, 35962842, 1, 35962843)

INSERT INTO Vota VALUES ('00000000-0000-0000-0000-000000000001', 2, 1, 93696263, 1, '08:10')
INSERT INTO Vota VALUES ('00000000-0000-0000-0000-000000000001', 2, 1, 35962842, 1, '14:40')
INSERT INTO Vota VALUES ('00000000-0000-0000-0000-000000000001', 2, 1, 35962843, 1, '16:55')
INSERT INTO Vota VALUES ('00000000-0000-0000-0000-000000000001', 2, 1, 37284867, 0, NULL)

INSERT INTO SeVotaLista VALUES ('00000000-0000-0000-0000-000000000001', 2, 1, 1) 
INSERT INTO SeVotaLista VALUES ('00000000-0000-0000-0000-000000000001', 2, 2, 0)
INSERT INTO SeVotaLista VALUES ('00000000-0000-0000-0000-000000000001', 2, 3, 1)
INSERT INTO SeVotaLista VALUES ('00000000-0000-0000-0000-000000000001', 2, 4, 1)

INSERT INTO Mesa VALUES ('00000000-0000-0000-0000-000000000001', 3, '00000000-0000-0000-0000-000000000002', 1, 35962844, 1, 32637028, 1, 35685912)

INSERT INTO Vota VALUES ('00000000-0000-0000-0000-000000000001', 2, 1, 35962844, 1, '09:00')
INSERT INTO Vota VALUES ('00000000-0000-0000-0000-000000000001', 2, 1, 32637028, 1, '15:02')
INSERT INTO Vota VALUES ('00000000-0000-0000-0000-000000000001', 2, 1, 35685912, 1, '17:00')
INSERT INTO Vota VALUES ('00000000-0000-0000-0000-000000000001', 2, 1, 30285635, 1, '17:50')

INSERT INTO SeVotaLista VALUES ('00000000-0000-0000-0000-000000000001', 3, 1, 2) 
INSERT INTO SeVotaLista VALUES ('00000000-0000-0000-0000-000000000001', 3, 2, 1)
INSERT INTO SeVotaLista VALUES ('00000000-0000-0000-0000-000000000001', 3, 3, 1)
INSERT INTO SeVotaLista VALUES ('00000000-0000-0000-0000-000000000001', 3, 4, 0)

--Eleccion 02
INSERT INTO Eleccion VALUES('00000000-0000-0000-0000-000000000002', 'Cargo', '02/05/2015', '08:00', '18:00')
INSERT INTO EleccionDeCargo VALUES ('00000000-0000-0000-0000-000000000002', 'Presidente')

INSERT INTO Lista VALUES('00000000-0000-0000-0000-000000000002', 1, '00000000-0000-0000-0000-000000000001')
INSERT INTO Lista VALUES('00000000-0000-0000-0000-000000000002', 2, '00000000-0000-0000-0000-000000000002')
INSERT INTO Lista VALUES('00000000-0000-0000-0000-000000000002', 3, '00000000-0000-0000-0000-000000000003')

INSERT INTO Conduce VALUES ('00000000-0000-0000-0000-000000000002', 1, 31294576, 'ABC-123')
INSERT INTO Asignada VALUES ('00000000-0000-0000-0000-000000000002', '00000000-0000-0000-0000-000000000001', 'ABC-123')
INSERT INTO Conduce VALUES ('00000000-0000-0000-0000-000000000002', 1, 38137462, 'FFF-365')
INSERT INTO Asignada VALUES ('00000000-0000-0000-0000-000000000002', '00000000-0000-0000-0000-000000000002', 'FFF-365')

INSERT INTO Mesa VALUES ('00000000-0000-0000-0000-000000000002', 1, '00000000-0000-0000-0000-000000000001', 1, 36827289, 1, 34445438, 1, 36088188)

INSERT INTO Vota VALUES ('00000000-0000-0000-0000-000000000002', 1, 1, 36827289, 1, '17:30')
INSERT INTO Vota VALUES ('00000000-0000-0000-0000-000000000002', 1, 1, 34445438, 1, '12:12')
INSERT INTO Vota VALUES ('00000000-0000-0000-0000-000000000002', 1, 1, 36088188, 1, '12:30')

INSERT INTO SeVotaLista VALUES ('00000000-0000-0000-0000-000000000002', 1, 1, 0) 
INSERT INTO SeVotaLista VALUES ('00000000-0000-0000-0000-000000000002', 1, 2, 0)
INSERT INTO SeVotaLista VALUES ('00000000-0000-0000-0000-000000000002', 1, 3, 3)

INSERT INTO Mesa VALUES ('00000000-0000-0000-0000-000000000002', 2, '00000000-0000-0000-0000-000000000002', 1, 93696263, 1, 35962842, 1, 35962843)

INSERT INTO Vota VALUES ('00000000-0000-0000-0000-000000000002', 2, 1, 93696263, 1, '10:02')
INSERT INTO Vota VALUES ('00000000-0000-0000-0000-000000000002', 2, 1, 35962842, 1, '12:50')
INSERT INTO Vota VALUES ('00000000-0000-0000-0000-000000000002', 2, 1, 35962843, 1, '17:55')
INSERT INTO Vota VALUES ('00000000-0000-0000-0000-000000000002', 2, 1, 37284867, 1, '17:59')

INSERT INTO SeVotaLista VALUES ('00000000-0000-0000-0000-000000000002', 2, 1, 3) 
INSERT INTO SeVotaLista VALUES ('00000000-0000-0000-0000-000000000002', 2, 2, 1)
INSERT INTO SeVotaLista VALUES ('00000000-0000-0000-0000-000000000002', 2, 3, 0)

INSERT INTO Mesa VALUES ('00000000-0000-0000-0000-000000000002', 3, '00000000-0000-0000-0000-000000000002', 1, 35962844, 1, 32637028, 1, 35685912)

INSERT INTO Vota VALUES ('00000000-0000-0000-0000-000000000002', 2, 1, 35962844, 1, '17:00')
INSERT INTO Vota VALUES ('00000000-0000-0000-0000-000000000002', 2, 1, 32637028, 1, '12:02')
INSERT INTO Vota VALUES ('00000000-0000-0000-0000-000000000002', 2, 1, 35685912, 1, '11:50')
INSERT INTO Vota VALUES ('00000000-0000-0000-0000-000000000002', 2, 1, 30285635, 1, '17:44')

INSERT INTO SeVotaLista VALUES ('00000000-0000-0000-0000-000000000002', 3, 1, 1) 
INSERT INTO SeVotaLista VALUES ('00000000-0000-0000-0000-000000000002', 3, 2, 2)
INSERT INTO SeVotaLista VALUES ('00000000-0000-0000-0000-000000000002', 3, 3, 1)

--Eleccion 03
INSERT INTO Eleccion VALUES('00000000-0000-0000-0000-000000000003', 'ConsultaPopular', '04/10/2015', '08:00', '18:00')
INSERT INTO ConsultaPopular VALUES ('00000000-0000-0000-0000-000000000003', 'Construir Monorriel Néstor Kirchner')

INSERT INTO Opcion VALUES('00000000-0000-0000-0000-000000000003', 'A favor')
INSERT INTO Opcion VALUES('00000000-0000-0000-0000-000000000003', 'En contra')

INSERT INTO Conduce VALUES ('00000000-0000-0000-0000-000000000003', 1, 31294576, 'ABC-123')
INSERT INTO Asignada VALUES ('00000000-0000-0000-0000-000000000003', '00000000-0000-0000-0000-000000000001', 'ABC-123')
INSERT INTO Conduce VALUES ('00000000-0000-0000-0000-000000000003', 1, 38137462, 'FFF-365')
INSERT INTO Asignada VALUES ('00000000-0000-0000-0000-000000000003', '00000000-0000-0000-0000-000000000002', 'FFF-365')

INSERT INTO Mesa VALUES ('00000000-0000-0000-0000-000000000003', 1, '00000000-0000-0000-0000-000000000001', 1, 36827289, 1, 34445438, 1, 36088188)

INSERT INTO Vota VALUES ('00000000-0000-0000-0000-000000000003', 1, 1, 36827289, 1, '17:15')
INSERT INTO Vota VALUES ('00000000-0000-0000-0000-000000000003', 1, 1, 34445438, 1, '09:15')
INSERT INTO Vota VALUES ('00000000-0000-0000-0000-000000000003', 1, 1, 36088188, 1, '10:30')
INSERT INTO Vota VALUES ('00000000-0000-0000-0000-000000000003', 1, 1, 38137462, 1, '13:30')
INSERT INTO Vota VALUES ('00000000-0000-0000-0000-000000000003', 1, 1, 31294576, 1, '16:05')

INSERT INTO SeVotaOpcion VALUES ('00000000-0000-0000-0000-000000000003', 1, 'A favor', 2)
INSERT INTO SeVotaOpcion VALUES ('00000000-0000-0000-0000-000000000003', 1, 'En contra', 3)

INSERT INTO Mesa VALUES ('00000000-0000-0000-0000-000000000003', 2, '00000000-0000-0000-0000-000000000002', 1, 93696263, 1, 35962842, 1, 35962843)

INSERT INTO Vota VALUES ('00000000-0000-0000-0000-000000000003', 2, 1, 93696263, 1, '14:10')
INSERT INTO Vota VALUES ('00000000-0000-0000-0000-000000000003', 2, 1, 35962842, 1, '11:40')
INSERT INTO Vota VALUES ('00000000-0000-0000-0000-000000000003', 2, 1, 35962843, 1, '10:58')
INSERT INTO Vota VALUES ('00000000-0000-0000-0000-000000000003', 2, 1, 37284867, 0, NULL)

INSERT INTO SeVotaOpcion VALUES ('00000000-0000-0000-0000-000000000003', 2, 'A favor', 1)
INSERT INTO SeVotaOpcion VALUES ('00000000-0000-0000-0000-000000000003', 2, 'En contra', 2)

-- Elecciones Incompletas para los Tests del Modelo
INSERT INTO Eleccion VALUES('00000000-0000-0000-0000-000000000004', 'Cargo', '07/10/2015', '08:00', '18:00')
INSERT INTO Eleccion VALUES('00000000-0000-0000-0000-000000000005', 'ConsultaPopular', '07/10/2015', '08:00', '18:00')

COMMIT TRANSACTION