--Eleccion de cargo 01: Lista 1 6000 votos, Lista 2 3000 votos
--Eleccion de cargo 03: Lista 1 5000 votos, Lista 2 6000 votos

--Data para query 1

INSERT INTO EleccionDeCargo VALUES ('00000000-0000-0000-0000-000000000001', 'Gobernador')
INSERT INTO Lista VALUES('00000000-0000-0000-0000-000000000001', 1, '00000000-0000-0000-0000-000000000001')
INSERT INTO Lista VALUES('00000000-0000-0000-0000-000000000001', 2, '00000000-0000-0000-0000-000000000002')
INSERT INTO Mesa VALUES ('00000000-0000-0000-0000-000000000001', 1, 1, 36827289, 1, 34445438, 1, 36088188)
INSERT INTO Ciudadano VALUES (1, 17795560, 'Gerardo')
INSERT INTO Mesa VALUES ('00000000-0000-0000-0000-000000000001', 2, 1, 93696263, 1, 35962842, 1, 17795560)
INSERT INTO SeVotaLista VALUES ('00000000-0000-0000-0000-000000000001', 1, 1, 2000)
INSERT INTO SeVotaLista VALUES ('00000000-0000-0000-0000-000000000001', 1, 2, 1000)
INSERT INTO SeVotaLista VALUES ('00000000-0000-0000-0000-000000000001', 2, 1, 4000)
INSERT INTO SeVotaLista VALUES ('00000000-0000-0000-0000-000000000001', 2, 2, 2000)

INSERT INTO Eleccion VALUES('00000000-0000-0000-0000-000000000003', 'Cargo', '01/12/2015', '08:00', '18:00')
INSERT INTO EleccionDeCargo VALUES ('00000000-0000-0000-0000-000000000003', 'Presidente')
INSERT INTO Lista VALUES('00000000-0000-0000-0000-000000000003', 1, '00000000-0000-0000-0000-000000000001')
INSERT INTO Lista VALUES('00000000-0000-0000-0000-000000000003', 2, '00000000-0000-0000-0000-000000000002')
INSERT INTO Mesa VALUES ('00000000-0000-0000-0000-000000000003', 1, 1, 36827289, 1, 34445438, 1, 36088188)
INSERT INTO Mesa VALUES ('00000000-0000-0000-0000-000000000003', 2, 1, 93696263, 1, 35962842, 1, 17795560)
INSERT INTO SeVotaLista VALUES ('00000000-0000-0000-0000-000000000003', 1, 1, 2000)
INSERT INTO SeVotaLista VALUES ('00000000-0000-0000-0000-000000000003', 1, 2, 3000)
INSERT INTO SeVotaLista VALUES ('00000000-0000-0000-0000-000000000003', 2, 1, 3000)
INSERT INTO SeVotaLista VALUES ('00000000-0000-0000-0000-000000000003', 2, 2, 3000)

--Data para query 2

INSERT INTO Vota VALUES ('00000000-0000-0000-0000-000000000001', 1, 1, 36827289, 1, '08:30')
INSERT INTO Vota VALUES ('00000000-0000-0000-0000-000000000001', 1, 1, 36088188, 1, '12:00')
INSERT INTO Vota VALUES ('00000000-0000-0000-0000-000000000001', 1, 1, 34445438, 1, '17:00')

INSERT INTO Vota VALUES ('00000000-0000-0000-0000-000000000001', 2, 1, 93696263, 1, '17:00')
INSERT INTO Vota VALUES ('00000000-0000-0000-0000-000000000001', 2, 1, 35962842, 1, '17:30')